spikeID,sequence
RC2-16,CACGCACGCTCAGATA
RC2-19,TCGATACTCACGTACAGCA
RC2-22,TATCAGTGCTACGTGTCTCAGT
RC2-25,ATGCTGATGATAGACGCTACTGACT
RC2-28,CGTATCGCTGCTCTGAGTCACTATCTAC
RC2-34,AGATAGTACTGATCTGCTGCGACGAGTGACTGTC
RC1-01,ACTCATCTACGTACGCATCTAGTCT
RC1-02,ATATGTCGTCGCTATACTCTGATCG
RC1-03,TGCTATCATATCACAGTACGCGAGC
RC1-04,TAGATGAGATACTGATAGCGACGTA
RC1-05,GTAGTAGATAGATGTAGCGTAGAGA
RC1-06,ATCGTCTCGTCATCTCATATCTACA
RC1-07,TATGCATATGATCACGAGACTCAGT
RC1-08,GCAGCTATCTCGCGTCATACACATA
RC1-09,GCTCTACACTCTACTCGTCAGCTGT
RC1-10,CGATGCTATAGACTCTCACGTGATG
RC1-11,CGCATCAGTCGTCATCTAGATACAG
RC1-12,CTGATGATAGATACGCGCACACAGT
LP1-01,GTCCCACTCCGTAGATCTGTTC
LP1-02,GATGTAACGAGTTGGAATGCAA
LP1-03,TAGCATATCGAGCCTGAGAACA
LP1-04,CATCGGTCGAACTTATGTGAAA
LP1-05,GAAGCACATTCGCACATCATAT
LP1-06,TCTTAACCCGGACCAGAAACTA
LP1-07,AGGTTCCGGATAAGTAAGAGCC
LP1-08,TAACTCCTTAAGCGAATCTCGC
LP1-09,AAAGTAGCATCCGAAATACGGA
LP1-10,TGATACGGATGTTATACGCAGC
LP1-11,CCTGGAACTTAGGACGTGAATC
LP1-12,TCATGAGTCCGTACCTTGATTG